keys,en,fr
GAME_TITLE,Survivor Game,Survivor Game
UI_PLAY,Play,Jouer
UI_QUIT,Quit,Quitter
UI_RESUME,Resume,Reprendre
UI_RETRY,Retry,Rejouer
UI_PAUSED,Paused,Pause
UI_GAME_OVER,Game Over,Partie terminée
UI_LEVEL,Level,Niveau
UI_LEVEL_UP,Level up!,Niveau supérieur !
UI_CHOOSE_UPGRADE,Choose an upgrade,Choisis une amélioration
UI_TIME_SURVIVED,Time survived:,Temps survécu :
UI_KILLS,Kills:,Ennemis vaincus :
STAT_MAX_HP,Max HP,PV max
STAT_HP_REGEN,HP regeneration,Régénération
STAT_ARMOR,Armor,Armure
STAT_MOVE_SPEED,Move speed,Vitesse de déplacement
STAT_DAMAGE,Damage,Dégâts
STAT_ATTACK_SPEED,Attack speed,Vitesse d'attaque
STAT_CRIT_CHANCE,Crit chance,Chance de critique
STAT_CRIT_DAMAGE,Crit damage,Dégâts critiques
STAT_PROJECTILE_SPEED,Projectile speed,Vitesse des projectiles
STAT_PROJECTILE_COUNT,Projectiles,Projectiles
STAT_PIERCE,Pierce,Perforation
STAT_KNOCKBACK,Knockback,Recul
STAT_RANGE,Range,Portée
STAT_PICKUP_RANGE,Pickup range,Portée de ramassage
UPGRADE_POWER,Power,Puissance
UPGRADE_HASTE,Haste,Frénésie
UPGRADE_VITALITY,Vitality,Vitalité
UPGRADE_SWIFTNESS,Swiftness,Célérité
UPGRADE_MULTISHOT,Multishot,Tir multiple
UPGRADE_PIERCING,Piercing,Perforation
UPGRADE_MAGNET,Magnet,Aimant
UPGRADE_PRECISION,Precision,Précision
UPGRADE_PLATING,Plating,Blindage
WEAPON_PULSE,Pulse,Pulsar
ENEMY_GRUNT,Grunt,Rôdeur
ENEMY_RUNNER,Runner,Coureur
CHARACTER_DRIFTER,Drifter,Vagabond
UI_LEVEL_LABEL,Level:,Niveau :
UI_NEW_WEAPON,New weapon,Nouvelle arme
UI_STAT_UPGRADE,Upgrade,Amélioration
STAT_AREA,Area,Zone
WSTAT_FIRE_RATE,Fire rate,Cadence
WSTAT_BOUNCES,Bounces,Rebonds
UPGRADE_AMPLITUDE,Amplitude,Amplitude
WEAPON_PULSE_DESC,Fires energy pulses at the nearest enemy.,Tire des impulsions d'énergie sur l'ennemi le plus proche.
WEAPON_KATANA,Plasma katana,Katana à plasma
WEAPON_KATANA_DESC,Wide plasma slash that sets enemies on fire.,Large coup de plasma qui enflamme les ennemis.
WEAPON_LASER_PISTOL,Laser pistol,Pistolet laser
WEAPON_LASER_PISTOL_DESC,Instant beam that pierces everything. Can electrocute.,Rayon instantané qui transperce tout. Peut électrocuter.
WEAPON_SHURIKEN,Shuriken,Shuriken
WEAPON_SHURIKEN_DESC,Bounces from enemy to enemy.,Ricoche d'ennemi en ennemi.
WEAPON_SMG,Submachine gun,Mitraillette
WEAPON_SMG_DESC,Very fast but inaccurate bursts.,Rafales très rapides mais imprécises.
WEAPON_BAZOOKA,Bazooka,Bazooka
WEAPON_BAZOOKA_DESC,Slow rocket that explodes and slows enemies.,Roquette lente qui explose et ralentit les ennemis.
ENEMY_SHOOTER,Gunner,Tireur
ENEMY_TANK,Juggernaut,Colosse
ENEMY_SHOGUN,Shogun,Shogun
WEAPON_STRESS,Stress test gun,Arme de test
UI_WAVE,Wave,Vague
UI_WAVE_CLEARED,Wave %d cleared!,Vague %d terminée !
UI_NEXT_WAVE,Next wave,Vague suivante
UI_MATERIALS,Materials,Matériaux
UI_VICTORY,Victory!,Victoire !
UI_WAVE_REACHED,Wave reached:,Vague atteinte :
ITEM_SHARPENED_EDGE,Sharpened edge,Lame affûtée
ITEM_NEON_COIL,Neon coil,Bobine néon
ITEM_KEVLAR_WEAVE,Kevlar weave,Trame kevlar
ITEM_NANO_STIMS,Nano-stims,Nano-stimulants
ITEM_EXO_KNEES,Exo-knees,Exo-genoux
ITEM_MAGNET_GLOVE,Magnet glove,Gant magnétique
ITEM_TARGETING_CHIP,Targeting chip,Puce de visée
ITEM_HEAVY_CORE,Heavy core,Noyau lourd
ITEM_FOCUS_LENS,Focus lens,Lentille focale
ITEM_SHOCK_ABSORBER,Shock absorber,Amortisseur
ITEM_RONIN_SEAL,Ronin seal,Sceau du rōnin
ITEM_SPLIT_BARREL,Split barrel,Canon fendu
ITEM_PLASMA_RING,Plasma ring,Anneau plasma
ITEM_ONI_MASK,Oni mask,Masque oni
ITEM_PHANTOM_DRIVE,Phantom drive,Moteur fantôme
UI_SHOP_TITLE,Shop — Wave %d,Boutique — Vague %d
UI_SHOP_WEAPON,Weapon,Arme
UI_SHOP_ITEM,Item,Objet
UI_SHOP_BUY,Buy — %d,Acheter — %d
UI_SHOP_LOCK,Lock,Verrouiller
UI_SHOP_UNLOCK,Unlock,Déverrouiller
UI_SHOP_SOLD,Sold,Vendu
UI_SHOP_REROLL,Reroll — %d,Relancer — %d
UI_SHOP_WEAPONS,Weapons,Armes
UI_SHOP_SELL,Sell (+%d),Vendre (+%d)
UI_SHOP_MERGE,Merge,Fusionner
UI_SHOP_ITEMS,Items:,Objets :
